,id,x,y,z
0,12386602740474395573,64.6776123046875,-7.514839172363281,0.05704117566347122
1,12382528784717207091,46.54963302612305,-7.7856268882751465,0.007870085537433624
2,17323917666760424856,64.62533569335938,-4.01522970199585,0.05704117566347122
3,7324598800472461318,46.49735641479492,-4.286017417907715,0.007870085537433624
4,5766093938977170516,46.37786865234375,3.713089942932129,0.007870085537433624
5,16982522571691834093,64.50585174560547,3.9838781356811523,0.05704117566347122
6,18009138550472222127,46.32559585571289,7.212699890136719,0.007870085537433624
7,2674165210508610249,64.45357513427734,7.483488082885742,0.05704117566347122
8,5641836312097193154,91.5208969116211,65.6131362915039,0.0
9,3690006981419930510,105.794921875,62.554840087890625,0.0
10,3690006981419930510,84.77802276611328,-122.0055160522461,8.0
11,10337560334847236051,96.10875701904297,-132.71258544921875,8.0
12,14033542231614215701,140.9150848388672,-204.46627807617188,0.0
13,14033542231614215701,97.5187759399414,-205.5568389892578,0.0
14,4424030447278458490,140.8271484375,-200.96739196777344,0.0
15,14399897719917178310,97.43084716796875,-202.05795288085938,0.0
16,14399897719917178310,97.2550048828125,-195.06016540527344,0.0
17,4958845534709469639,140.6512908935547,-193.96958923339844,0.0
18,4958845534709469639,97.16707611083984,-191.56126403808594,0.0
19,2307954369026503457,140.56336975097656,-190.470703125,0.0
20,2307954369026503457,97.16707611083984,-191.56126403808594,0.0
21,10033466311931907951,140.56336975097656,-190.470703125,0.0
22,14832057574495321547,71.7968978881836,-206.20323181152344,0.0
23,14832057574495321547,20.902969360351562,-207.48219299316406,0.0
24,12581666758466411771,71.70896911621094,-202.704345703125,0.0
25,12581666758466411771,20.81504249572754,-203.98330688476562,0.0
26,5342752891233636477,20.815040588378906,-203.98330688476562,0.0
27,5342752891233636477,20.639184951782227,-196.98553466796875,0.0
28,14621271956833951759,71.53311920166016,-195.70655822753906,0.0
29,14621271956833951759,20.55125617980957,-193.48663330078125,0.0
30,1887972018672743051,71.4451904296875,-192.20765686035156,0.0
31,1887972018672743051,20.55125617980957,-193.48663330078125,0.0
32,15289828732395570218,71.44519805908203,-192.2076416015625,0.0
33,15289828732395570218,-11.886678695678711,-208.30621337890625,0.0
34,3684794348008436556,-88.46949768066406,-151.23057556152344,0.0
35,3684794348008436556,-11.886678695678711,-208.30621337890625,0.0
36,2571942182656631402,-88.46949768066406,-151.23057556152344,0.0
37,2571942182656631402,-11.97460651397705,-204.8073272705078,0.0
38,2571942182656631402,-84.97129821777344,-151.11834716796875,0.0
39,15734585961126983438,-11.97460651397705,-204.8073272705078,0.0
40,15734585961126983438,-84.97129821777344,-151.1183624267578,0.0
41,11565704082817619836,-77.97489929199219,-150.89390563964844,0.0
42,13375644903911611386,-12.150461196899414,-197.8095245361328,0.0
43,18102299798177333054,-74.47669982910156,-150.7816925048828,0.0
44,12730907180577813912,-12.238389015197754,-194.3106231689453,0.0
45,7889385326689644044,-74.47669982910156,-150.7816925048828,0.0
46,11983327098621662466,-12.238390922546387,-194.3106231689453,0.0
47,11983327098621662466,-88.70565795898438,-124.90894317626953,-0.06209462508559227
48,5224660670092596996,-88.39335632324219,-10.399374961853027,-0.052992600947618484
49,10232495114014114770,-88.70565795898438,-124.90894317626953,-0.06209462508559227
50,7007295853815777284,-88.39336395263672,-10.399374008178711,-0.052992600947618484
51,3816341082867361221,-88.70565795898438,-124.90894317626953,-0.06209462508559227
52,11630774603914056483,-88.39336395263672,-10.399374008178711,-0.052992600947618484
53,10059912110022444022,-85.20567321777344,-124.91848754882812,-0.06209462508559227
54,233801808682952872,-84.89337158203125,-10.408920288085938,-0.052992600947618484
55,15700907579882282472,-85.20567321777344,-124.91848754882812,-0.06209462508559227
56,9846098211072155416,-84.89337921142578,-10.408919334411621,-0.052992600947618484
57,5434803695069705077,-77.89340209960938,-10.42800521850586,-0.052992600947618484
58,5434803695069705077,-78.20570373535156,-124.93759155273438,-0.06209462508559227
59,12040026525132231621,-77.89340209960938,-10.42800521850586,-0.052992600947618484
60,12040026525132231621,-78.20570373535156,-124.93758392333984,-0.06209462508559227
61,12609369922593590210,-74.3934097290039,-10.43755054473877,-0.052992600947618484
62,5328547685431084155,-74.7057113647461,-124.94713592529297,-0.06209462508559227
63,9925416710877355435,-74.3934097290039,-10.43755054473877,-0.052992600947618484
64,16990399008390181089,-74.70571899414062,-124.94712829589844,-0.06209462508559227
65,7691790121746944145,-88.28707885742188,28.570480346679688,0.08785666525363922
66,2872953874943322655,-88.03663635253906,120.400146484375,0.06858325749635696
67,14627883542281407171,-88.28707885742188,28.570480346679688,0.08785666525363922
68,10901173203068808070,-88.03663635253906,120.400146484375,0.06858325749635696
69,10901173203068808070,-84.78709411621094,28.56093406677246,0.08785666525363922
70,1732266941283691702,-84.53665161132812,120.39059448242188,0.06858325749635696
71,1732266941283691702,-84.78709411621094,28.56093406677246,0.08785666525363922
72,18201546281710677402,-84.53665161132812,120.39059448242188,0.06858325749635696
73,6343532699691193674,-77.53668212890625,120.37149810791016,0.06858325749635696
74,15786494955758481961,-77.78712463378906,28.541845321655273,0.08785666525363922
75,15631905728240631517,-77.53668212890625,120.37149810791016,0.06858325749635696
76,6702229992955263721,-77.78711700439453,28.541845321655273,0.08785666525363922
77,4439425558240446749,-77.53668212890625,120.37149810791016,0.06858325749635696
78,1913711338674308108,-77.78711700439453,28.541845321655273,0.08785666525363922
79,11412172591623685438,-74.03668975830078,120.36195373535156,0.06858325749635696
80,11412172591623685438,-74.2871322631836,28.53230094909668,0.08785666525363922
81,3282629457186367663,-74.2871322631836,28.532299041748047,0.08785666525363922
82,3282629457186367663,221.12014770507812,-5.177964210510254,0.0
83,1145103074533026280,220.3202362060547,-5.189913749694824,0.0
84,1145103074533026280,221.06787109375,-1.6783548593521118,0.0
85,1145103074533026280,220.26795959472656,-1.690303921699524,0.0
86,16081527990801630779,220.14846801757812,6.308804512023926,0.0
87,16081527990801630779,220.94839477539062,6.3207526206970215,0.0
88,16081527990801630779,220.09619140625,9.808414459228516,0.0
89,2930958936099171337,220.8961181640625,9.820362091064453,0.0
90,11403016203406759023,185.65565490722656,58.84938430786133,0.0
91,16127860894576152466,167.17446899414062,78.50946807861328,0.14953257143497467
92,16127860894576152466,220.3202362060547,-5.189913749694824,0.0
93,16127860894576152466,164.55645751953125,-6.022890090942383,0.001464062836021185
94,2475412992671293686,220.3202362060547,-5.189913749694824,0.0
95,2475412992671293686,164.5564727783203,-6.022889614105225,0.001464062836021185
96,2475412992671293686,220.26795959472656,-1.690303921699524,0.0
97,15854720316042540895,164.50418090820312,-2.523280143737793,0.001464062836021185
98,15854720316042540895,164.3846893310547,5.475827217102051,0.001464062836021185
99,7356890005782104144,220.14846801757812,6.308804512023926,0.0
100,7356890005782104144,164.33241271972656,8.97543716430664,0.001464062836021185
101,7356890005782104144,220.09619140625,9.808414459228516,0.0
102,8315176228514474907,135.5596923828125,-6.456031799316406,0.05549215152859688
103,18340164447126167711,93.68437194824219,-7.081547737121582,0.1296994686126709
104,6278328230528424427,135.50741577148438,-2.9564218521118164,0.05549215152859688
105,2982801757325488135,93.6321029663086,-3.5819382667541504,0.1296994686126709
106,2982801757325488135,93.51261138916016,4.417169570922852,0.1296994686126709
107,5678453029423488954,135.38792419433594,5.042685508728027,0.05549215152859688
108,7427818902266603539,93.46033477783203,7.916779518127441,0.1296994686126709
109,9564553267764877875,135.3356475830078,8.542295455932617,0.05549215152859688
110,15534649800360916192,-0.5,23.825742721557617,0.0
111,15534649800360916192,-0.35914239287376404,23.825305938720703,0.0
112,15534649800360916192,-0.5,20.325742721557617,0.0
113,3482197052740893055,-0.3808593153953552,20.325374603271484,0.0
114,10410841825107558362,15.34783935546875,17.37850570678711,0.0
115,10410841825107558362,18.181499481201172,14.29440689086914,0.0
116,5294242551949779727,18.18149757385254,14.294405937194824,0.0
117,5294242551949779727,12.904475212097168,14.872516632080078,0.0
118,5294242551949779727,15.416032791137695,12.14913272857666,0.0
119,16557309506262535144,12.904475212097168,14.872516632080078,0.0
120,16557309506262535144,15.416032791137695,12.149131774902344,0.0
121,13896865818363796598,-88.39336395263672,-10.399374008178711,-0.052992600947618484
122,13896865818363796598,-97.68025970458984,-3.119616985321045,0.0
123,16069054256209178619,22.94505500793457,0.5566354393959045,0.0
124,10406158969854180981,22.945743560791016,0.37999993562698364,0.0
125,7425420267398032055,19.445159912109375,0.5294022560119629,0.0
126,7425420267398032055,19.445743560791016,0.3800000846385956,0.0
127,1778144119348159281,-23.945743560791016,0.37999993562698364,0.0
128,1778144119348159281,-23.94449234008789,0.6183714866638184,0.0
129,4531204880166533004,-20.445743560791016,0.3800000846385956,0.0
130,3829998116053296656,-20.444684982299805,0.5816203951835632,0.0
131,10471575934920591043,150.96478271484375,62.438636779785156,0.0
132,4916043298885602853,167.17446899414062,78.50946807861328,0.14953257143497467
133,15321317565131077199,-97.69824981689453,0.3803366422653198,0.0
134,15321317565131077199,-88.28707885742188,28.570480346679688,0.08785666525363922
135,7427933775306259099,-20.138717651367188,12.963922500610352,0.0
136,7427933775306259099,-18.548507690429688,15.074146270751953,0.0
137,973492270425159674,-20.138717651367188,12.963922500610352,0.0
138,973492270425159674,-18.548507690429688,15.074146270751953,0.0
139,7471638392819723132,-17.225671768188477,11.02377700805664,0.0
140,7471638392819723132,-15.880634307861328,12.808655738830566,0.0
141,15676801862406648270,-17.225671768188477,11.02377700805664,0.0
142,1097904735091546312,-15.880634307861328,12.808653831481934,0.0
143,13701773703193778376,-2.181199550628662,23.763404846191406,0.0
144,13701773703193778376,-0.5,23.825742721557617,0.0
145,14570266385020302254,-1.9219980239868164,20.273014068603516,0.0
146,581523361298345558,-0.5,20.325742721557617,0.0
147,581523361298345558,-88.39336395263672,-10.399374008178711,-0.052992600947618484
148,16862484724848121664,-105.1807632446289,21.03313446044922,0.0
149,16862484724848121664,5.393231391906738,-28.805566787719727,0.0
150,9175272679407973410,4.949592113494873,-31.070709228515625,0.0
151,3617636780048890178,8.814188957214355,-29.545196533203125,0.0
152,8772760745535905476,8.396812438964844,-31.676244735717773,0.0
153,944386282890279774,-7.710842132568359,29.25554084777832,0.0
154,4637669387515956408,-7.523375988006592,30.35643768310547,0.0
155,14528410196687483137,-11.15658950805664,29.869403839111328,0.0
156,16760297518317077479,-10.978103637695312,30.917556762695312,0.0
157,2098120135894252884,139.7337188720703,-135.27882385253906,8.0
158,11472114966482391818,96.18370819091797,-136.2117919921875,8.0
159,14494081249893229962,139.7337188720703,-135.27882385253906,8.0
160,14494081249893229962,96.18370819091797,-136.2117919921875,8.0
161,311956032196673267,139.7337188720703,-135.27882385253906,8.0
162,311956032196673267,96.18370819091797,-136.2117919921875,8.0
163,12740742829334618764,96.10875701904297,-132.71258544921875,8.0
164,12740742829334618764,139.6587677001953,-131.7796173095703,8.0
165,16192755513609027644,96.10875701904297,-132.71258544921875,8.0
166,16192755513609027644,139.6587677001953,-131.7796173095703,8.0
167,9346134807977741081,70.83952331542969,-136.75474548339844,7.936733245849609
168,12166383820929761769,19.21137046813965,-137.86077880859375,0.09647288173437119
169,10500599838140157661,70.83952331542969,-136.75474548339844,7.936733245849609
170,11424614271799195296,19.21137046813965,-137.86077880859375,0.09647288173437119
171,15783701641412565867,70.83952331542969,-136.75474548339844,7.936733245849609
172,237081181167729595,19.21137046813965,-137.86077880859375,0.09647288173437119
173,8137165277799063493,19.136404037475586,-134.361572265625,0.09647288173437119
174,14741755494634997621,70.76455688476562,-133.2555389404297,7.936733245849609
175,7581581206587481449,19.136404037475586,-134.361572265625,0.09647288173437119
176,7581581206587481449,70.76456451416016,-133.2555389404297,7.936733245849609
177,9708043774108734979,70.76455688476562,-133.2555389404297,7.936733245849609
178,18103499038019637106,-9.351848602294922,156.6762237548828,0.0
179,13920554400437996060,-9.208786964416504,179.28578186035156,0.0
180,15203710743499050701,-5.851919174194336,156.65408325195312,0.0
181,10835437590876531259,-5.70885705947876,179.26364135742188,0.0
182,10835437590876531259,-13.36115550994873,-138.55857849121094,0.0
183,10835437590876531259,-65.07928466796875,-139.6665496826172,0.0
184,12275686415694428106,-13.36115550994873,-138.55857849121094,0.0
185,9728002351660898608,-65.07928466796875,-139.6665496826172,0.0
186,17675356572869640615,-13.36115550994873,-138.55857849121094,0.0
187,8662760242104756343,-65.07928466796875,-139.6665496826172,0.0
188,2916457519627572432,-65.15425109863281,-136.16732788085938,0.0
189,688396708498642394,-13.436117172241211,-135.0593719482422,0.0
190,5306829974764563035,-65.15425109863281,-136.16732788085938,0.0
191,932413132635063151,-13.436118125915527,-135.0593719482422,0.0
192,932413132635063151,-65.15425109863281,-136.16732788085938,0.0
193,11443695089201435554,-13.436118125915527,-135.0593719482422,0.0
194,11443695089201435554,-99.5613784790039,-140.40525817871094,0.18946398794651031
195,10350426393381072719,-149.002685546875,-10.68737506866455,0.0
196,5019357075181225867,-99.5613784790039,-140.40525817871094,0.18946398794651031
197,5019357075181225867,-149.002685546875,-10.68737506866455,0.0
198,15013440795821528792,-145.502685546875,-10.685550689697266,0.0
199,12849613551233707088,-99.63633728027344,-136.9060516357422,0.18946398794651031
200,10311693934236346830,-145.502685546875,-10.685550689697266,0.0
201,12499026944547569778,-99.63634490966797,-136.9060516357422,0.18946398794651031
202,16269316969917911328,-145.502685546875,-10.685550689697266,0.0
203,10523763232234330234,-99.63634490966797,-136.9060516357422,0.18946398794651031
204,10184338500054598463,-68.98529815673828,193.87071228027344,0.0
205,1551928982334861225,-33.14515686035156,204.11380004882812,0.0
206,2943643831403722415,-71.2994613647461,196.49647521972656,0.0
207,15835638088494248531,-33.13642501831055,207.61378479003906,0.0
208,5076003912955574996,-149.0121307373047,7.432622909545898,0.0
209,15103830268035357316,-149.0283966064453,38.652618408203125,0.0
210,5649147497147623317,-145.5283966064453,38.654441833496094,0.0
211,4899485122220191639,-145.5121307373047,7.434446334838867,0.0
212,4899485122220191639,-145.5283966064453,38.654441833496094,0.0
213,4899485122220191639,-145.5121307373047,7.434445381164551,0.0
214,4899485122220191639,70.76456451416016,-133.2555389404297,7.936733245849609
215,6427254116418730732,85.67339324951172,-147.33970642089844,7.656403064727783
216,17751331089079101258,-149.0493927001953,78.95260620117188,0.0
217,17751331089079101258,-149.05654907226562,92.68260955810547,0.0
218,12147034998063897577,-145.55654907226562,92.68443298339844,0.0
219,12147034998063897577,-145.5493927001953,78.95443725585938,0.0
220,12147034998063897577,-148.49388122558594,113.4704818725586,0.0
221,12147034998063897577,-98.12503051757812,136.19052124023438,0.0
222,16094891944926519223,-148.49388122558594,113.4704818725586,0.0
223,16094891944926519223,-98.12503051757812,136.19052124023438,0.0
224,13391146923199189553,-148.49388122558594,113.4704818725586,0.0
225,13391146923199189553,-98.12503051757812,136.19052124023438,0.0
226,7044917702617876017,-98.20423889160156,132.69140625,0.0
227,2732511617710088597,-145.05714416503906,112.8080825805664,0.0
228,7808964861249293219,-61.004539489746094,135.35020446777344,0.0
229,7808964861249293219,-18.915319442749023,134.39743041992188,0.0
230,2789604062871983685,-61.004539489746094,135.35020446777344,0.0
231,13110033451626966539,-18.915319442749023,134.39743041992188,0.0
232,16309755861006302911,-61.004539489746094,135.35020446777344,0.0
233,5849385523285835608,-18.915319442749023,134.39743041992188,0.0
234,11334667912193292511,-18.994531631469727,130.89830017089844,0.0
235,11334667912193292511,-61.08374786376953,131.85110473632812,0.0
236,6984105656973582489,-18.994531631469727,130.89830017089844,0.0
237,6984105656973582489,-61.08374786376953,131.85110473632812,0.0
238,2800186640137579942,-18.994531631469727,130.89830017089844,0.0
239,2800186640137579942,-61.08374786376953,131.85110473632812,0.0
240,8836519634090014490,-7.368023872375488,-31.889888763427734,0.0
241,2772274500605658238,-7.722339153289795,-29.629528045654297,0.0
242,5071263344437899000,-7.368023872375488,-31.889888763427734,0.0
243,1650641012694286171,-7.722339153289795,-29.629528045654297,0.0
244,15548880757657064647,-3.90399432182312,-31.389389038085938,0.0
245,16618805199198706632,-4.271312713623047,-29.04607582092285,0.0
246,16618805199198706632,-3.90399432182312,-31.389389038085938,0.0
247,17599414983901077678,-4.271312713623047,-29.04607582092285,0.0
248,17599414983901077678,220.8961181640625,9.820362091064453,0.0
249,2772332224913330714,231.0995635986328,21.31083106994629,0.0
250,9886731405076560046,-127.13199615478516,48.21127700805664,0.0
251,11942441939036443322,-149.0493927001953,78.95260620117188,0.0
252,7915648687780467595,7.628186225891113,-44.82931137084961,0.0
253,7915648687780467595,9.575264930725098,-123.73529815673828,0.0
254,16638020857450652412,7.628186225891113,-44.82931137084961,0.0
255,9155502704135452019,9.575265884399414,-123.73529052734375,0.0
256,9155502704135452019,4.129251480102539,-44.9156494140625,0.0
257,15639913763743152025,6.076330184936523,-123.8216323852539,0.0
258,15639913763743152025,4.129251480102539,-44.9156494140625,0.0
259,4824462705498424424,6.076330184936523,-123.8216323852539,0.0
260,1165503131838709358,-0.9215397834777832,-123.99430847167969,0.0
261,1165503131838709358,-2.8686180114746094,-45.08832931518555,0.0
262,504476302698828306,-4.420475006103516,-124.08065032958984,0.0
263,7761649387835774406,-6.367552757263184,-45.17466735839844,0.0
264,7761649387835774406,10.19468879699707,-148.837646484375,0.0
265,7761649387835774406,11.06375789642334,-184.0569305419922,0.0
266,760040860429836478,6.695754051208496,-148.9239959716797,0.0
267,18399236079684159592,7.564822673797607,-184.1432647705078,0.0
268,12470838210255932868,0.566953182220459,-184.3159637451172,0.0
269,8108467278342326201,-0.30211544036865234,-149.09666442871094,0.0
270,11935148021354042704,0.566953182220459,-184.3159637451172,0.0
271,14436984746105813629,-0.30211544036865234,-149.09666442871094,0.0
272,17845663360835343576,-2.9319820404052734,-184.4022979736328,0.0
273,4615608193255982633,-3.8010504245758057,-149.18301391601562,0.0
274,15972854092553194721,-2.9319820404052734,-184.4022979736328,0.0
275,15972854092553194721,-3.8010501861572266,-149.18301391601562,0.0
276,3501498637455752483,-10.067159652709961,43.62849044799805,0.0
277,12760410343560140496,-9.594377517700195,118.34699249267578,0.0
278,6327111682230198143,-10.067159652709961,43.62849044799805,0.0
279,14249458948598880053,-9.594377517700195,118.34699249267578,0.0
280,9145522096920416802,-6.567230224609375,43.606346130371094,0.0
281,18440175476509584620,-6.094448089599609,118.32484436035156,0.0
282,14816681899308130135,-6.567230224609375,43.606346130371094,0.0
283,7617256725042849294,-6.094448089599609,118.32484436035156,0.0
284,3011565203275489559,1.9053921699523926,118.27423095703125,0.0
285,9260303684644632462,1.4326095581054688,43.555721282958984,0.0
286,11691497865245909644,5.4053215980529785,118.25208282470703,0.0
287,4967696907911673546,4.932539939880371,43.53357696533203,0.0
288,6355458356520962330,-9.39924144744873,149.18638610839844,0.0
289,2237372638453243738,-9.351849555969238,156.6762237548828,0.0
290,17839175152879189083,-9.39924144744873,149.18638610839844,0.0
291,13603374815742449717,-9.351848602294922,156.6762237548828,0.0
292,10488240092287643099,-5.899311065673828,149.16424560546875,0.0
293,15338734864987656049,-5.851919174194336,156.65408325195312,0.0
294,11310442509004781943,2.147921085357666,156.6034698486328,0.0
295,13059204313888863778,2.1005287170410156,149.11361694335938,0.0
296,6698848755356123862,2.147921085357666,156.6034698486328,0.0
297,4700251618256625929,2.1005284786224365,149.1136016845703,0.0
298,1953082464071173415,5.647850513458252,156.58132934570312,0.0
299,9836704947447628613,5.600458145141602,149.0914764404297,0.0
300,13954046127364238832,5.647850513458252,156.58132934570312,0.0
301,16575157129483843417,5.600458145141602,149.09146118164062,0.0
302,5546035978844487259,149.6187286376953,-82.8318099975586,8.0
303,9786860879811424909,149.2703857421875,-62.80484390258789,7.513891220092773
304,14220345050893260368,-9.208786964416504,179.28578186035156,0.0
305,2943137946758688550,-9.205180168151855,179.8557586669922,0.0
306,9505209025689995141,-5.70885705947876,179.26364135742188,0.0
307,1180046214618361651,-5.705250263214111,179.8336181640625,0.0
308,7741093299174106135,2.2945897579193115,179.7830047607422,0.0
309,6120026656324590033,2.290982961654663,179.21299743652344,0.0
310,18111031274276222831,5.794519424438477,179.7608642578125,0.0
311,5134583931801799165,5.790912628173828,179.19085693359375,0.0
312,4918500537159932538,-9.205180168151855,179.8557586669922,0.0
313,9926012432776878806,-9.198726654052734,180.87574768066406,0.0
314,16746319694108928249,-5.705250263214111,179.8336181640625,0.0
315,400850713207038782,-5.698796272277832,180.85360717773438,0.0
316,6728219443616646958,2.3010435104370117,180.80296325683594,0.0
317,8744279982909322545,2.2945897579193115,179.7830047607422,0.0
318,4874083520715750583,5.800972938537598,180.78082275390625,0.0
319,18149215581749279637,5.794519424438477,179.7608642578125,0.0
320,5168830834800909014,31.676036834716797,-4.546402931213379,-0.018424032256007195
321,5548360338071972262,29.32889175415039,-4.6161956787109375,-0.012493875809013844
322,8689806215182837948,31.676036834716797,-4.546402931213379,-0.018424032256007195
323,5071632516236350598,29.32889175415039,-4.6161956787109375,-0.012493875809013844
324,13155050499172785038,31.771926879882812,-8.045088768005371,-0.018424032256007195
325,2708210700042213539,29.44115447998047,-8.114395141601562,-0.012493875809013844
326,8093737784956818757,31.771926879882812,-8.045088768005371,-0.018424032256007195
327,11696834321033871677,29.4411563873291,-8.114395141601562,-0.012493875809013844
328,13212905277567303687,22.945743560791016,0.37999993562698364,0.0
329,17717299509969688551,22.937633514404297,-0.22670292854309082,0.0
330,8592912195831515285,22.945743560791016,0.37999993562698364,0.0
331,9429802275719605594,22.937633514404297,-0.22670292854309082,0.0
332,7464914190523998898,19.445743560791016,0.3800000846385956,0.0
333,11008434764878858348,19.438884735107422,-0.1331637054681778,0.0
334,5661683000730743499,19.445743560791016,0.3800000846385956,0.0
335,16672697095934008513,19.438884735107422,-0.1331636905670166,0.0
336,14791941663359403303,0.6080300211906433,-23.038684844970703,0.0
337,7874756966113231949,-0.5000001788139343,-23.06574249267578,0.0
338,8364739054728394902,0.43719810247421265,-19.542858123779297,0.0
339,2434614539895580183,-0.49999985098838806,-19.56574249267578,0.0
340,7328591181143541212,150.7147216796875,-145.84228515625,7.490434646606445
341,4726208356923455320,150.27993774414062,-120.84606170654297,8.0
342,6048417402842440036,-99.63634490966797,-136.9060516357422,0.18946398794651031
343,17106119685512404532,-65.15425109863281,-136.16732788085938,0.0
344,15133343308516476246,-0.5000001788139343,-23.06574249267578,0.0
345,6092455555014506371,-1.583115816116333,-23.03989028930664,0.0
346,4923665858662172310,-0.49999985098838806,-19.56574249267578,0.0
347,8120106542013285782,-1.416124939918518,-19.54387664794922,0.0
348,7089444139788306136,-23.871665954589844,-1.4524379968643188,0.0
349,5920379484312116288,-23.945743560791016,0.37999993562698364,0.0
350,14955685185493233956,-20.383087158203125,-1.1699190139770508,0.0
351,10058348839791710680,-20.445743560791016,0.3800000846385956,0.0
352,9522673608802682233,82.68911743164062,-182.34951782226562,-0.13075079023838043
353,118617337490058131,82.17557525634766,-147.4633331298828,7.656403064727783
354,15851845336209108034,82.68911743164062,-182.34951782226562,-0.13075079023838043
355,9478503405387160337,82.17557525634766,-147.4633331298828,7.656403064727783
356,9689938200692532022,82.68911743164062,-182.34951782226562,-0.13075079023838043
357,3367821403070829524,82.17557525634766,-147.4633331298828,7.656403064727783
358,376239266079325307,85.67339324951172,-147.33970642089844,7.656403064727783
359,11249165175765339329,86.18910217285156,-182.3401641845703,-0.13075079023838043
360,11264145849360864365,2.290982961654663,179.21299743652344,0.0
361,16229451261933365581,2.147921085357666,156.6034698486328,0.0
362,14304895637244137515,5.790912628173828,179.19085693359375,0.0
363,8220636126339893992,5.647850513458252,156.58132934570312,0.0
364,3267676619746637463,81.28021240234375,-122.12914276123047,8.0
365,8422040972606753504,79.95640563964844,-84.67253112792969,8.0
366,15722850624183275121,83.4542236328125,-84.54890441894531,8.0
367,14148416280964965861,84.77802276611328,-122.0055160522461,8.0
368,5689360706733794811,83.4542236328125,-84.54890441894531,8.0
369,6749890463845307424,84.77802276611328,-122.00552368164062,8.0
370,6240253791428778622,83.4542236328125,-84.54890441894531,8.0
371,2446126890008116633,84.77802276611328,-122.0055160522461,8.0
372,11998242491021940126,79.25,-64.68501281738281,7.5522284507751465
373,12995153571665519950,77.5952377319336,-17.864240646362305,0.5119101405143738
374,407452587257867872,81.09306335449219,-17.74062156677246,0.5119101405143738
375,18359558474437711807,82.74781799316406,-64.56138610839844,7.5522284507751465
376,2974988929654837859,-105.1807632446289,21.03313446044922,0.0
377,13238802919471022576,-129.62078857421875,45.75040054321289,0.0
378,8293461507941664652,-102.69197082519531,23.49401092529297,0.0
379,6258911656869344490,-127.13199615478516,48.21127700805664,0.0
380,8589229571047562098,90.9515380859375,66.0388412475586,0.0
381,17024958251580262675,91.5208969116211,65.6131362915039,0.0
382,17314628634329792357,28.9906063079834,3.5965564250946045,-0.008740391582250595
383,10206729273738500764,32.40556716918945,3.5848755836486816,-0.01791374385356903
384,5094892519521190773,29.050975799560547,7.096035957336426,-0.008740391582250595
385,8211807808781152884,32.41596221923828,7.084860324859619,-0.01791374385356903
386,17709880439569169641,210.3955841064453,58.785736083984375,0.0
387,15429416529467991841,185.65565490722656,58.84938430786133,0.0
388,3964439312424076886,210.3955841064453,58.785736083984375,0.0
389,17263201563540702412,185.65565490722656,58.84938430786133,0.0
390,13951110645810452489,185.6646728515625,62.349369049072266,0.0
391,15159497289066191698,210.40457153320312,62.28572082519531,0.0
392,11503786568177036062,185.6646728515625,62.349369049072266,0.0
393,7924075398107954719,210.40457153320312,62.28572082519531,0.0
394,4954552053321549945,150.95578002929688,58.93865203857422,0.0
395,17074998742909618175,145.05580139160156,58.95383071899414,0.0
396,8694097342044578881,145.06480407714844,62.45381546020508,0.0
397,3811762499299153288,150.9647674560547,62.43864059448242,0.0
398,6984991937132334887,145.06480407714844,62.45381546020508,0.0
399,3955045720088498099,150.96478271484375,62.438636779785156,0.0
400,13998648605165888381,145.05580139160156,58.95383071899414,0.0
401,6285575105720984550,141.23580932617188,58.96365737915039,0.0
402,12099241137231567889,141.24481201171875,62.46364212036133,0.0
403,4970827818447844900,145.06480407714844,62.45381546020508,0.0
404,1180029699180734767,141.23580932617188,58.96365737915039,0.0
405,6854483650180805454,136.73582458496094,58.97523498535156,0.0
406,8070001436135663031,136.7448272705078,62.4752197265625,0.0
407,10297398264464672466,141.24481201171875,62.46364212036133,0.0
408,15507947553163031927,136.73582458496094,58.97523498535156,0.0
409,10666122186193432744,136.35581970214844,58.97621154785156,0.0
410,17896805879741115119,136.3648223876953,62.4761962890625,0.0
411,7586937018785436064,136.7448272705078,62.4752197265625,0.0
412,2302932237957516921,82.17557525634766,-147.4633331298828,7.656403064727783
413,11516172863750044164,81.28021240234375,-122.12914276123047,8.0
414,17664028764170713901,136.35581970214844,58.97621154785156,0.0
415,17251438928870664738,105.78592681884766,59.05485916137695,0.0
416,3215733670789995858,105.794921875,62.554840087890625,0.0
417,12593236856257163641,136.3648223876953,62.4761962890625,0.0
418,7555977769451830821,-22.46649169921875,171.02255249023438,0.0
419,6771019700146028431,-37.21973419189453,178.33367919921875,0.0
420,18332259044689056513,138.67489624023438,-75.74554443359375,8.0
421,6329678304163826640,94.17033386230469,-76.91799926757812,8.0
422,12158169899150830440,138.5827178955078,-72.24676513671875,8.0
423,10783574359711163571,94.07816314697266,-73.4192123413086,8.0
424,11848975273909802980,91.07893371582031,54.27231979370117,0.0
425,12801417174154887722,90.9515380859375,66.0388412475586,0.0
426,7352453701348876470,-43.350975036621094,-2.8402605056762695,0.0
427,4074292043887069681,-65.04069519042969,-2.951787233352661,0.0
428,16891235149702146478,-43.350975036621094,-2.8402605056762695,0.0
429,4114222148719810753,-65.04069519042969,-2.951787233352661,0.0
430,4873406185272896694,-43.350975036621094,-2.8402605056762695,0.0
431,15771077538080065208,-65.04069519042969,-2.951787233352661,0.0
432,13364462050353639189,-43.350975036621094,-2.8402605056762695,0.0
433,12187614819355905893,-65.04069519042969,-2.951787233352661,0.0
434,6941823049577644403,-65.05867767333984,0.5481665134429932,0.0
435,1544892338871105169,-43.36897277832031,0.6596932411193848,0.0
436,6170036391384630710,-97.68025970458984,-3.119616985321045,0.0
437,7584882426283196544,-134.7097625732422,-3.3100199699401855,0.0
438,16611546032716682379,-97.68025970458984,-3.119616985321045,0.0
439,590895837471328259,-134.7097625732422,-3.3100199699401855,0.0
440,15589215756271091941,-134.72776794433594,0.18993401527404785,0.0
441,13498291800584381442,-97.69824981689453,0.3803366422653198,0.0
442,14912064452586697374,-134.72776794433594,0.18993401527404785,0.0
443,2424717574023485533,-97.69824981689453,0.3803366422653198,0.0
444,16828827033800557726,-134.72776794433594,0.18993401527404785,0.0
445,4369478059114152329,-97.69824981689453,0.3803366422653198,0.0
446,3670225387056388810,-134.72776794433594,0.18993401527404785,0.0
447,6532507760046596267,-97.69824981689453,0.3803365230560303,0.0
448,2534298914231488461,166.20999145507812,-193.89999389648438,0.0
449,5241517135707346860,232.03562927246094,-17.177289962768555,0.0
450,18368987772235634931,166.20999145507812,-193.89999389648438,0.0
451,10492026913716502204,232.03564453125,-17.17778778076172,0.0
452,10864236975973788012,166.20999145507812,-197.39999389648438,0.0
453,6444761596420375152,235.5345916748047,-17.09208869934082,0.0
454,17232282800767350024,166.20999145507812,-197.39999389648438,0.0
455,10130712166529491350,235.53460693359375,-17.092689514160156,0.0
456,12207758342621400596,242.53253173828125,-16.9224853515625,0.0
457,13032606666166446410,166.20999145507812,-204.39999389648438,0.0
458,5383638634393603377,246.031494140625,-16.837387084960938,0.0
459,4653207037145446720,166.2100067138672,-207.89999389648438,0.0
460,16120145621460588944,231.0995635986328,21.31083106994629,0.0
461,10720681341774774111,230.5970001220703,41.9747200012207,0.0
462,15617269127355697295,231.0995635986328,21.31083106994629,0.0
463,10169358026982606349,230.5970001220703,41.9747200012207,0.0
464,15305123506221236290,234.59852600097656,21.39592933654785,0.0
465,15103057211066956046,234.09596252441406,42.059818267822266,0.0
466,10666843995715710225,241.09388732910156,42.23001480102539,0.0
467,12788399148382613754,241.59645080566406,21.566125869750977,0.0
468,69375550805056919,244.59286499023438,42.31511306762695,0.0
469,2599014476216840219,245.09542846679688,21.651226043701172,0.0
470,9025737123405924738,-65.04069519042969,-2.951787233352661,0.0
471,13336815978327644750,-84.78709411621094,28.56093406677246,0.08785666525363922
472,10478471347921243731,229.6582489013672,80.57330322265625,0.08297956734895706
473,4811740235707906951,17.100923538208008,193.48837280273438,0.0
474,14998795296009514458,229.6582489013672,80.57330322265625,0.08297956734895706
475,1823054075946168847,17.101354598999023,193.48838806152344,0.0
476,3573125847093286546,233.15721130371094,80.65840148925781,0.08297956734895706
477,8275803143615797899,17.109373092651367,196.98837280273438,0.0
478,9281217933944066612,233.15721130371094,80.65840148925781,0.08297956734895706
479,13144230798117413277,17.110088348388672,196.98837280273438,0.0
480,686787987275050552,17.12755012512207,203.9883575439453,0.0
481,1129877696310899905,240.15513610839844,80.82859802246094,0.08297956734895706
482,16266394854048510562,17.12755012512207,203.9883575439453,0.0
483,857693365302144395,240.15513610839844,80.82859802246094,0.08297956734895706
484,345846693844593723,17.13628387451172,207.48834228515625,0.0
485,14877376112206516506,243.65411376953125,80.9136962890625,0.08297956734895706
486,10064603456817094339,-20.408527374267578,193.5819854736328,0.0
487,2714854747577312186,-33.171356201171875,193.61383056640625,0.0
488,1202245165353419000,-20.39979362487793,197.08197021484375,0.0
489,11268378189954247150,-33.16262435913086,197.1138153076172,0.0
490,7549570405364931231,-33.14515686035156,204.11380004882812,0.0
491,13702001142118847438,-20.3823299407959,204.0819549560547,0.0
492,3719755991174392015,-33.13642501831055,207.61378479003906,0.0
493,3214892576927673584,-20.373598098754883,207.58193969726562,0.0
494,967135338215714705,-62.042808532714844,185.99342346191406,0.0
495,4117175761599808259,-74.63550567626953,146.84996032714844,0.0
496,10838358885555072606,-62.042808532714844,185.99342346191406,0.0
497,220717919335256292,-74.63550567626953,146.84996032714844,0.0
498,8623468402680244002,-64.35697174072266,188.6191864013672,0.0
